text,Sentiment
I appreciate this product,positive
This is an excellent movie,positive
The weather is delightful today,positive
I'm content,positive
This book is a disappointment,negative
I have concerns about waiting in long lines,negative
This movie is not engaging,negative
The food quality was subpar,negative
The service was exceptional,positive
I have reservations about this, negative
The sunset is truly breathtaking,positive
I couldn't be happier with this,positive
This experience has been challenging, negative
I'm overjoyed with the progress,positive
I'm rather dissatisfied,negative
The party exceeded expectations,positive
The concert didn't meet our expectations,negative
I have a deep admiration for this place,positive
I have strong objections to this company, negative
The staff has been very accommodating,positive
I strongly object to this product,negative
The show was incredibly well-done,positive
The test results were less than ideal,negative
This is a remarkable achievement,positive
I can't recommend this highly enough,positive
The quality is outstanding,positive
I'm devastated by this setback,negative
I'm absolutely thrilled,positive
I'm utterly frustrated by this issue,negative
The scenery is quite picturesque,positive
I have a genuine fondness for this song,positive
I'm rather annoyed by this situation,negative
The presentation was quite impressive,positive
I'm deeply troubled by this development,negative
I had a very enjoyable time,positive
I can't tolerate the traffic situation, negative
This is the best thing I've ever seen,positive
I'm shocked by this revelation, negative
The new features are fantastic,positive
I'm absolutely furious about this, negative
I can't stop smiling about this success,positive
This is an absolute disaster, negative
The movie was thoroughly entertaining,positive
I can't bear this, negative
I'm absolutely ecstatic,positive
This is an utter catastrophe, negative
The staff has been exceptionally helpful,positive
I'm extremely frustrated by this issue,negative
I cherish this memory,positive
I can't stand this movie, negative
The food was exceptionally delicious,positive
I deeply regret my decision,negative
The team performed exceptionally well,positive
I'm absolutely thrilled,positive
I'm fed up with this nonsense, negative
The scenery is absolutely breathtaking,positive
I'm completely in love with this song,positive
I'm rather irritated by this situation,negative
The performance was absolutely amazing,positive
I'm truly devastated, negative
I can't bear this situation, negative
This is a wonderful surprise,positive
The movie was captivating,positive
I'm absolutely ecstatic,positive
This is a complete catastrophe, negative
The service was exceptional,positive
I'm incredibly frustrated by this issue,negative
I have reservations about this moment,positive
I'm quite disappointed with this movie, negative
I have strong objections to this movie, negative
I'm deeply regretful of this decision,negative
The team performed exceptionally well,positive
I'm absolutely thrilled,positive
I'm deeply concerned about this situation, negative
The scenery is absolutely breathtaking,positive
I'm completely in love with this song,positive
I'm rather irritated by this issue,negative
The performance was absolutely amazing,positive
I'm truly devastated, negative
I can't bear this situation, negative
This is a wonderful surprise,positive
The movie was captivating,positive
I'm absolutely ecstatic,positive
This is a complete catastrophe, negative
The service was exceptional,positive
I'm incredibly frustrated by this issue,negative
I have reservations about this moment,positive
I'm quite disappointed with this movie, negative
I have strong objections to this movie, negative
I'm deeply regretful of this decision,negative
The team performed exceptionally well,positive
I'm absolutely thrilled,positive
I'm deeply concerned about this situation, negative
The scenery is absolutely breathtaking,positive
I'm completely in love with this song,positive
I'm rather irritated by this issue,negative
The performance was absolutely amazing,positive
I'm truly devastated, negative
I can't bear this situation, negative
This is a wonderful surprise,positive
The movie was captivating,positive
I'm absolutely ecstatic,positive
This is a complete catastrophe, negative
The service was exceptional,positive
I'm incredibly frustrated by this issue,negative
I have reservations about this moment,positive
I'm quite disappointed with this movie, negative
I have strong objections to this movie, negative
I'm deeply regretful of this decision,negative
The team performed exceptionally well,positive
I'm absolutely thrilled,positive
I'm deeply concerned about this situation, negative
The scenery is absolutely breathtaking,positive
I'm completely in love with this song,positive
I'm rather irritated by this issue,negative
The performance was absolutely amazing,positive
I'm truly devastated, negative
I can't bear this situation, negative
This is a wonderful surprise,positive
The movie was captivating,positive
I'm absolutely ecstatic,positive
This is a complete catastrophe, negative
The service was exceptional,positive
I'm incredibly frustrated by this issue,negative
I have reservations about this moment,positive
I'm quite disappointed with this movie, negative
I have strong objections to this movie, negative
I'm deeply regretful of this decision,negative
The team performed exceptionally well,positive
I'm absolutely thrilled,positive
I'm deeply concerned about this situation, negative
The scenery is absolutely breathtaking,positive
I'm completely in love with this song,positive
I'm rather irritated by this issue,negative
The performance was absolutely amazing,positive
I'm truly devastated, negative
I can't bear this situation, negative
This is a wonderful surprise,positive
The movie was captivating,positive
I'm absolutely ecstatic,positive
This is a complete catastrophe, negative
The service was exceptional,positive
I'm incredibly frustrated by this issue,negative
I have reservations about this moment,positive
I'm quite disappointed with this movie, negative
I have strong objections to this movie, negative
I'm deeply regretful of this decision,negative
The team performed exceptionally well,positive
I'm absolutely thrilled,positive
I'm deeply concerned about this situation, negative
The scenery is absolutely breathtaking,positive
I'm completely in love with this song,positive
I'm rather irritated by this issue,negative
The performance was absolutely amazing,positive
I'm truly devastated, negative
I can't bear this situation, negative
This is a wonderful surprise,positive
The movie was captivating,positive
I'm absolutely ecstatic,positive
This is a complete catastrophe, negative
The service was exceptional,positive
I'm incredibly frustrated by this issue,negative
I have reservations about this moment,positive
I'm quite disappointed with this movie, negative
I have strong objections to this movie, negative
I'm deeply regretful of this decision,negative
The team performed exceptionally well,positive
I'm absolutely thrilled,positive
I'm deeply concerned about this situation, negative
The scenery is absolutely breathtaking,positive
I'm completely in love with this song,positive
I'm rather irritated by this issue,negative
The performance was absolutely amazing,positive
I'm truly devastated, negative
I can't bear this situation, negative
This is a wonderful surprise,positive
The movie was captivating,positive
I'm absolutely ecstatic,positive
This is a complete catastrophe, negative
The service was exceptional,positive
I'm incredibly frustrated by this issue,negative
I have reservations about this moment,positive
I'm quite disappointed with this movie, negative
I have strong objections to this movie, negative
I'm deeply regretful of this decision,negative
The team performed exceptionally well,positive
I'm absolutely thrilled,positive
I'm deeply concerned about this situation, negative
The scenery is absolutely breathtaking,positive
I'm completely in love with this song,positive
I'm rather irritated by this issue,negative
The performance was absolutely amazing,positive
I'm truly devastated, negative
I can't bear this situation, negative
This is a wonderful surprise,positive
The movie was captivating,positive
I'm absolutely ecstatic,positive
This is a complete catastrophe, negative
The service was exceptional,positive
I'm incredibly frustrated by this issue,negative
I have reservations about this moment,positive
I'm quite disappointed with this movie, negative
I have strong objections to this movie, negative
I'm deeply regretful of this decision,negative
The team performed exceptionally well,positive
I'm absolutely thrilled,positive
I'm deeply concerned about this situation, negative
The scenery is absolutely breathtaking,positive
I'm completely in love with this song,positive
I'm rather irritated by this issue,negative
The performance was absolutely amazing,positive
I'm truly devastated, negative
I can't bear this situation, negative
This is a wonderful surprise,positive
The movie was captivating,positive
I'm absolutely ecstatic,positive
This is a complete catastrophe, negative
The service was exceptional,positive
I'm incredibly frustrated by this issue,negative
I have reservations about this moment,positive
I'm quite disappointed with this movie, negative
I have strong objections to this movie, negative
I'm deeply regretful of this decision,negative
The team performed exceptionally well,positive
I'm absolutely thrilled,positive
I'm deeply concerned about this situation, negative
The scenery is absolutely breathtaking,positive
I'm completely in love with this song,positive
I'm rather irritated by this issue,negative
The performance was absolutely amazing,positive
I'm truly devastated, negative
I can't bear this situation, negative
This is a wonderful surprise,positive
The movie was captivating,positive
I'm absolutely ecstatic,positive
This is a complete catastrophe, negative
The service was exceptional,positive
I'm incredibly frustrated by this issue,negative
I have reservations about this moment,positive
I'm quite disappointed with this movie, negative
I have strong objections to this movie, negative
I'm deeply regretful of this decision,negative
The team performed exceptionally well,positive
I'm absolutely thrilled,positive
I'm deeply concerned about this situation, negative
The scenery is absolutely breathtaking,positive
I'm completely in love with this song,positive
I'm rather irritated by this issue,negative
The performance was absolutely amazing,positive
I'm truly devastated, negative
I can't bear this situation, negative
This is a wonderful surprise,positive
The movie was captivating,positive
I'm absolutely ecstatic,positive
This is a complete catastrophe, negative
The service was exceptional,positive
I'm incredibly frustrated by this issue,negative
I have reservations about this moment,positive
I'm quite disappointed with this movie, negative
I have strong objections to this movie, negative
I'm deeply regretful of this decision,negative
The team performed exceptionally well,positive
I'm absolutely thrilled,positive
I'm deeply concerned about this situation, negative
The scenery is absolutely breathtaking,positive
I'm completely in love with this song,positive
I'm rather irritated by this issue,negative
The performance was absolutely amazing,positive
I'm truly devastated, negative
I can't bear this situation, negative
This is a wonderful surprise,positive
The movie was captivating,positive
I'm absolutely ecstatic,positive
This is a complete catastrophe, negative
The service was exceptional,positive
I'm incredibly frustrated by this issue,negative
I have reservations about this moment,positive
I'm quite disappointed with this movie, negative
I have strong objections to this movie, negative
I'm deeply regretful of this decision,negative
The team performed exceptionally well,positive
I'm absolutely thrilled,positive
I'm deeply concerned about this situation, negative
The scenery is absolutely breathtaking,positive
I'm completely in love with this song,positive
I'm rather irritated by this issue,negative
The performance was absolutely amazing,positive
I'm truly devastated, negative
I can't bear this situation, negative
This is a wonderful surprise,positive
The movie was captivating,positive
I'm absolutely ecstatic,positive
This is a complete catastrophe, negative
The service was exceptional,positive
I'm incredibly frustrated by this issue,negative
I have reservations about this moment,positive
I'm quite disappointed with this movie, negative
I have strong objections to this movie, negative
I'm deeply regretful of this decision,negative
The team performed exceptionally well,positive
I'm absolutely thrilled,positive
I'm deeply concerned about this situation, negative
The scenery is absolutely breathtaking,positive
I'm completely in love with this song,positive
I'm rather irritated by this issue,negative
The performance was absolutely amazing,positive
I'm truly devastated, negative
I can't bear this situation, negative
This is a wonderful surprise,positive
The movie was captivating,positive
I'm absolutely ecstatic,positive
This is a complete catastrophe, negative
The service was exceptional,positive
I'm incredibly frustrated by this issue,negative
I have reservations about this moment,positive
I'm quite disappointed with this movie, negative
I have strong objections to this movie, negative
I'm deeply regretful of this decision,negative
The team performed exceptionally well,positive
I'm absolutely thrilled,positive
I'm deeply concerned about this situation, negative
The scenery is absolutely breathtaking,positive
I'm completely in love with this song,positive
I'm rather irritated by this issue,negative
The performance was absolutely amazing,positive
I'm truly devastated, negative
I can't bear this situation, negative
This is a wonderful surprise,positive
The movie was captivating,positive
I'm absolutely ecstatic,positive
This is a complete catastrophe, negative
The service was exceptional,positive
I'm incredibly frustrated by this issue,negative
I have reservations about this moment,positive
I'm quite disappointed with this movie, negative
I have strong objections to this movie, negative
I'm deeply regretful of this decision,negative
The team performed exceptionally well,positive
I'm absolutely thrilled,positive
I'm deeply concerned about this situation, negative
The scenery is absolutely breathtaking,positive
I'm completely in love with this song,positive
I'm rather irritated by this issue,negative
The performance was absolutely amazing,positive
I'm truly devastated, negative
I can't bear this situation, negative
This is a wonderful surprise,positive
The movie was captivating,positive
I'm absolutely ecstatic,positive
This is a complete catastrophe, negative
The service was exceptional,positive
I'm incredibly frustrated by this issue,negative
I have reservations about this moment,positive
I'm quite disappointed with this movie, negative
I have strong objections to this movie, negative
I'm deeply regretful of this decision,negative
The team performed exceptionally well,positive
I'm absolutely thrilled,positive
I'm deeply concerned about this situation, negative
The scenery is absolutely breathtaking,positive
I'm completely in love with this song,positive
I'm rather irritated by this issue,negative
The performance was absolutely amazing,positive
I'm truly devastated, negative
I can't bear this situation, negative
This is a wonderful surprise,positive
The movie was captivating,positive
I'm absolutely ecstatic,positive
This is a complete catastrophe, negative
The service was exceptional,positive
I'm incredibly frustrated by this issue,negative
I have reservations about this moment,positive
I'm quite disappointed with this movie, negative
I have strong objections to this movie, negative
I'm deeply regretful of this decision,negative
The team performed exceptionally well,positive
I'm absolutely thrilled,positive
I'm deeply concerned about this situation, negative
The scenery is absolutely breathtaking,positive
I'm completely in love with this song,positive
I'm rather irritated by this issue,negative
The performance was absolutely amazing,positive
I'm truly devastated, negative
I can't bear this situation, negative
This is a wonderful surprise,positive
The movie was captivating,positive
I'm absolutely ecstatic,positive
This is a complete catastrophe, negative
The service was exceptional,positive
I'm incredibly frustrated by this issue,negative
I have reservations about this moment,positive
I'm quite disappointed with this movie, negative
I have strong objections to this movie, negative
I'm deeply regretful of this decision,negative
The team performed exceptionally well,positive
I'm absolutely thrilled,positive
I'm deeply concerned about this situation, negative
The scenery is absolutely breathtaking,positive
I'm completely in love with this song,positive
I'm rather irritated by this issue,negative
The performance was absolutely amazing,positive
I'm truly devastated, negative
I can't bear this situation, negative
This is a wonderful surprise,positive
The movie was captivating,positive
I'm absolutely ecstatic,positive
This is a complete catastrophe, negative
The service was exceptional,positive
I'm incredibly frustrated by this issue,negative
I have reservations about this moment,positive
I'm quite disappointed with this movie, negative
I have strong objections to this movie, negative
I'm deeply regretful of this decision,negative
The team performed exceptionally well,positive
I'm absolutely thrilled,positive
I'm deeply concerned about this situation, negative
The scenery is absolutely breathtaking,positive
I'm completely in love with this song,positive
I'm rather irritated by this issue,negative
The performance was absolutely amazing,positive
I'm truly devastated, negative
I can't bear this situation, negative
This is a wonderful surprise,positive
The movie was captivating,positive
I'm absolutely ecstatic,positive
This is a complete catastrophe, negative
The service was exceptional,positive
I'm incredibly frustrated by this issue,negative
I have reservations about this moment,positive
I'm quite disappointed with this movie, negative
I have strong objections to this movie, negative
I'm deeply regretful of this decision,negative
The team performed exceptionally well,positive
I'm absolutely thrilled,positive
I'm deeply concerned about this situation, negative
The scenery is absolutely breathtaking,positive
I'm completely in love with this song,positive
I'm rather irritated by this issue,negative
The performance was absolutely amazing,positive
I'm truly devastated, negative
I can't bear this situation, negative
This is a wonderful surprise,positive
The movie was captivating,positive
I'm absolutely ecstatic,positive
This is a complete catastrophe, negative
